{
  "window": "heating",
  "beta1": 0.05721874509550231,
  "beta2": -0.12491631979445919,
  "beta3": 0.8772123037578028,
  "tau_hours": 8.005359120773234,
  "rmse_all": 1.1566759002083606,
  "r2_all": -0.46452258629133825,
  "n_samples": 2008
}