{
  "window": "heating",
  "beta1": 0.040527343749999875,
  "beta2": 0.0,
  "beta3": 0.26367187500000155,
  "T_supply_eff": 36.25,
  "ramp_rmse_degC": 0.1825981123236203,
  "n_ramps": 7,
  "tau_cool_hours": 10.817870734244199
}