{
  "window": "heating",
  "beta1": 0.03499649391427509,
  "beta2": -0.006567212963716169,
  "beta3": 0.08514505291999128,
  "tau_hours": 152.27159611314525,
  "rmse_all": 0.6444113661527436,
  "r2_all": 0.2616089574355962,
  "n_samples": 670
}